f0,f1,f2,f3,label
0,1,-1,-1,1
0.169182,0.993956,-0.909091,-0.533333,1
0.333487,0.975897,-0.818182,-0.066667,1
0.488177,0.946042,-0.727273,0.4,1
0.628793,0.904752,-0.636364,0.866667,1
0.75128,0.852525,-0.545455,-0.733333,1
0.852108,0.789992,-0.454545,-0.266667,1
0.928369,0.717911,-0.363636,0.2,1
0.977865,0.637151,-0.272727,0.666667,1
0.999168,0.54869,-0.181818,-0.933333,1
0.991665,0.453596,-0.090909,-0.466667,1
0.955572,0.353019,0,0,1
0.891929,0.248175,0.090909,0.466667,1
0.802571,0.140332,0.181818,0.933333,1
0.690075,0.030791,0.272727,-0.666667,1
0.557684,-0.079121,0.363636,-0.2,1
0.409214,-0.188077,0.454545,0.266667,1
0.248947,-0.294759,0.545455,0.733333,1
0.081502,-0.397879,0.636364,-0.866667,0
-0.088292,-0.496189,0.727273,-0.4,0
-0.255541,-0.588501,0.818182,0.066667,0
-0.415423,-0.6737,0.909091,0.533333,0
-0.563327,-0.750755,1,1,0
-0.694991,-0.818735,-1,-0.6,0
-0.806618,-0.876818,-0.909091,-0.133333,0
-0.894989,-0.924302,-0.818182,0.333333,0
-0.957558,-0.960614,-0.727273,0.8,0
-0.99252,-0.985314,-0.636364,-0.8,0
-0.998867,-0.998104,-0.545455,-0.333333,0
-0.976416,-0.998829,-0.454545,0.133333,0
-0.925815,-0.98748,-0.363636,0.6,0
-0.848522,-0.964194,-0.272727,-1,0
-0.746765,-0.929254,-0.181818,-0.533333,0
-0.62348,-0.883081,-0.090909,-0.066667,0
-0.482218,-0.826234,0,0.4,0
-0.327055,-0.759399,0.090909,0.866667,0
-0.162462,-0.683385,0.181818,-0.733333,0
0.006815,-0.59911,0.272727,-0.266667,0
0.175895,-0.507593,0.363636,0.2,0
0.339904,-0.409941,0.454545,0.666667,1
0.494113,-0.307333,0.545455,-0.933333,0
0.634077,-0.20101,0.636364,-0.466667,1
0.755761,-0.092258,0.727273,0,1
0.855655,0.01761,0.818182,0.466667,1
0.93088,0.127265,0.909091,0.933333,1
0.979268,0.235381,1,-0.666667,1
0.999423,0.340653,-1,-0.2,1
0.990764,0.441806,-0.909091,0.266667,1
0.953541,0.537619,-0.818182,0.733333,1
0.888827,0.626934,-0.727273,-0.866667,1
0.798487,0.70867,-0.636364,-0.4,1
0.685127,0.78184,-0.545455,0.066667,1
0.552014,0.845559,-0.454545,0.533333,1
0.402987,0.899057,-0.363636,1,1
0.242341,0.941688,-0.272727,-0.6,1
0.074708,0.972935,-0.181818,-0.133333,1
-0.095078,0.992422,-0.090909,0.333333,1
-0.262124,0.999913,0,0.8,1
-0.421612,0.995317,0.090909,-0.8,0
-0.568945,0.97869,0.181818,-0.333333,0
-0.699875,0.950233,0.272727,0.133333,0
-0.810627,0.910289,0.363636,0.6,0
-0.898009,0.859342,0.454545,-1,0
-0.9595,0.798007,0.545455,-0.533333,0
-0.993329,0.727027,0.636364,-0.066667,0
-0.998519,0.647258,0.727273,0.4,0
-0.974922,0.559665,0.818182,0.866667,0
-0.923217,0.465307,0.909091,-0.733333,0
-0.844896,0.365325,1,-0.266667,0
-0.742216,0.260926,-1,0.2,0
-0.618137,0.153374,-0.909091,0.666667,0
-0.476237,0.043967,-0.818182,-0.933333,0
-0.320607,-0.06597,-0.727273,-0.466667,0
-0.155734,-0.175111,-0.636364,0,0
0.013629,-0.282135,-0.545455,0.466667,1
0.182599,-0.385748,-0.454545,0.933333,1
0.346305,-0.484698,-0.363636,-0.666667,1
0.500027,-0.57779,-0.272727,-0.2,1
0.639332,-0.663897,-0.181818,0.266667,1
0.760206,-0.74198,-0.090909,0.733333,1
0.859162,-0.811093,0,-0.866667,1
0.933348,-0.870402,0.090909,-0.4,1
0.980625,-0.91919,0.181818,0.066667,1
0.999631,-0.956867,0.272727,0.533333,1
0.989817,-0.982977,0.363636,1,1
0.951466,-0.997205,0.454545,-0.6,1
0.885683,-0.99938,0.545455,-0.133333,1
0.794366,-0.989474,0.636364,0.333333,1
0.680147,-0.967607,0.727273,0.8,0
0.546319,-0.934044,0.818182,-0.8,0
0.396741,-0.889191,0.909091,-0.333333,0
0.235724,-0.833589,1,0.133333,0
0.067911,-0.767911,-1,0.6,1
-0.10186,-0.692951,-0.909091,-1,0
-0.268694,-0.609615,-0.818182,-0.533333,0
-0.427781,-0.518909,-0.727273,-0.066667,0
-0.574536,-0.421931,-0.636364,0.4,0
-0.704726,-0.319853,-0.545455,0.866667,0
-0.814599,-0.213908,-0.454545,-0.733333,0
-0.900986,-0.105378,-0.363636,-0.266667,0
-0.961397,0.004426,-0.272727,0.2,0
-0.994092,0.114176,-0.181818,0.666667,0
-0.998125,0.222547,-0.090909,-0.933333,0
-0.973383,0.328227,0,-0.466667,0
-0.920577,0.429939,0.090909,0,0
-0.841231,0.526455,0.181818,0.466667,0
-0.737632,0.616607,0.272727,0.933333,0
-0.612766,0.699306,0.363636,-0.666667,0
-0.470234,0.773551,0.454545,-0.2,0
-0.314145,0.838446,0.545455,0.266667,1
-0.148999,0.893206,0.636364,0.733333,1
0.020443,0.937169,0.727273,-0.866667,1
0.189295,0.969804,0.818182,-0.4,1
0.35269,0.990716,0.909091,0.066667,1
0.505916,0.999652,1,0.533333,1
0.644557,0.996505,-1,1,1
0.764615,0.981312,-0.909091,-0.6,1
0.862629,0.954258,-0.818182,-0.133333,1
0.935773,0.915668,-0.727273,0.333333,1
0.981938,0.86601,-0.636364,0.8,1
0.999793,0.805884,-0.545455,-0.8,1
0.988824,0.736016,-0.454545,-0.333333,1
0.949346,0.657252,-0.363636,0.133333,1
0.882499,0.570543,-0.272727,0.6,1
0.790208,0.476937,-0.181818,-1,1
0.675136,0.377567,-0.090909,-0.533333,1
0.540599,0.273632,0,-0.066667,1
0.390476,0.166389,0.090909,0.4,1
0.229096,0.057136,0.181818,0.866667,1
0.06111,-0.052808,0.272727,-0.733333,0
-0.108637,-0.162114,0.363636,-0.266667,0
-0.275252,-0.269461,0.454545,0.2,0
-0.433931,-0.37355,0.545455,0.666667,0
-0.5801,-0.473124,0.636364,-0.933333,0
-0.709544,-0.566978,0.727273,-0.466667,0
-0.818532,-0.65398,0.818182,0,0
-0.903922,-0.733076,0.909091,0.466667,0
-0.96325,-0.80331,1,0.933333,0
-0.994808,-0.863835,-1,-0.666667,0
-0.997685,-0.913918,-0.909091,-0.2,0
-0.971798,-0.952953,-0.818182,0.266667,0
-0.917894,-0.980469,-0.727273,0.733333,0
-0.837527,-0.996134,-0.636364,-0.866667,0
-0.733013,-0.999757,-0.545455,-0.4,0
-0.607366,-0.991296,-0.454545,0.066667,0
-0.464209,-0.970852,-0.363636,0.533333,0
-0.307668,-0.938672,-0.272727,1,0
-0.142257,-0.895146,-0.181818,-0.6,0
0.027255,-0.8408,-0.090909,-0.133333,0
0.195982,-0.77629,0,0.333333,0
0.359058,-0.702397,0.090909,0.8,1
0.511783,-0.620013,0.181818,-0.8,0
0.649752,-0.530135,0.272727,-0.333333,1
0.768989,-0.433848,0.363636,0.133333,1
0.866056,-0.332317,0.454545,0.6,1
0.938154,-0.22677,0.545455,-1,1
0.983204,-0.118481,0.636364,-0.533333,1
0.999908,-0.008759,0.727273,-0.066667,1
0.987785,0.101068,0.818182,0.4,1
0.947183,0.209673,0.909091,0.866667,1
0.879273,0.315744,1,-0.733333,1
0.786014,0.417998,-1,-0.266667,1
0.670093,0.5152,-0.909091,0.2,1
0.534853,0.606173,-0.818182,0.666667,1
0.384193,0.68982,-0.727273,-0.933333,1
0.222457,0.765128,-0.636364,-0.466667,1
0.054307,0.831188,-0.545455,0,1
-0.115408,0.8872,-0.454545,0.466667,1
-0.281797,0.932488,-0.363636,0.933333,1
-0.440061,0.966504,-0.272727,-0.666667,1
-0.585637,0.988837,-0.181818,-0.2,1
-0.71433,0.999218,-0.090909,0.266667,0
-0.822428,0.99752,0,0.733333,0
-0.906815,0.983764,0.090909,-0.866667,0
-0.965058,0.958117,0.181818,-0.4,0
-0.995479,0.920888,0.272727,0.066667,0
-0.997199,0.872528,0.363636,0.533333,0
-0.970169,0.81362,0.454545,1,0
-0.915169,0.744878,0.545455,-0.6,0
-0.833784,0.667132,0.636364,-0.133333,0
-0.728361,0.581322,0.727273,0.333333,0
-0.601939,0.488485,0.818182,0.8,0
-0.458162,0.389743,0.909091,-0.8,0
-0.301177,0.28629,1,-0.333333,0
-0.135508,0.179376,-1,0.133333,1
0.034067,0.070294,-0.909091,0.6,1
0.20266,-0.039637,-0.818182,-1,1
0.36541,-0.14909,-0.727273,-0.533333,1
0.517626,-0.25674,-0.636364,-0.066667,1
0.654918,-0.361287,-0.545455,0.4,1
0.773328,-0.461467,-0.454545,0.866667,1
0.869443,-0.556068,-0.363636,-0.733333,1
0.940491,-0.643948,-0.272727,-0.266667,1
0.984425,-0.724044,-0.181818,0.2,1
0.999977,-0.795388,-0.090909,0.666667,1
0.9867,-0.857118,0,-0.933333,1
0.944975,-0.908486,0.090909,-0.466667,1
0.876007,-0.948873,0.181818,0,1
0.781782,-0.977791,0.272727,0.466667,1
0.665019,-0.994889,0.363636,0.933333,1
0.529083,-0.999961,0.454545,-0.666667,0
0.377893,-0.992945,0.545455,-0.2,0
0.215808,-0.973928,0.636364,0.266667,0
0.047501,-0.943137,0.727273,0.733333,0
-0.122175,-0.900946,0.818182,-0.866667,0
-0.288329,-0.847865,0.909091,-0.4,0
-0.44617,-0.784534,1,0.066667,0
-0.591148,-0.711721,-1,0.533333,0
-0.719082,-0.630304,-0.909091,1,0
-0.826286,-0.541268,-0.818182,-0.6,0
-0.909667,-0.44569,-0.727273,-0.133333,0
-0.966822,-0.344724,-0.636364,0.333333,0
-0.996103,-0.239591,-0.545455,0.8,0
-0.996666,-0.131562,-0.454545,-0.8,0
-0.968494,-0.021943,-0.363636,-0.333333,0
-0.912401,0.087941,-0.272727,0.133333,0
-0.830002,0.196763,-0.181818,0.6,0
-0.723675,0.303206,-0.090909,-1,0
-0.596483,0.405984,0,-0.533333,0
-0.452094,0.503854,0.090909,-0.066667,0
-0.294672,0.595634,0.181818,0.4,1
-0.128753,0.680214,0.272727,0.866667,1
0.040877,0.756572,0.363636,-0.733333,1
0.209328,0.823785,0.454545,-0.266667,1
0.371745,0.881039,0.545455,0.2,1
0.523444,0.927644,0.636364,0.666667,1
0.660052,0.963036,0.727273,-0.933333,1
0.77763,0.986787,0.818182,-0.466667,1
0.872789,0.99861,0.909091,0,1
0.942785,0.998361,1,0.466667,1
0.9856,0.986045,-1,0.933333,1
1,0.961809,-0.909091,-0.666667,1
0.985569,0.925948,-0.818182,-0.2,1
0.942724,0.878893,-0.727273,0.266667,1
0.8727,0.821215,-0.636364,0.733333,1
0.777515,0.75361,-0.545455,-0.866667,1
0.659914,0.676896,-0.454545,-0.4,1
0.523288,0.592,-0.363636,0.066667,1
0.371575,0.499947,-0.272727,0.533333,1
0.209149,0.401851,-0.181818,1,1
0.040693,0.298898,-0.090909,-0.6,1
-0.128936,0.192332,0,-0.133333,0
-0.294847,0.08344,0.090909,0.333333,0
-0.452258,-0.026459,0.181818,0.8,0
-0.59663,-0.136039,0.272727,-0.8,0
-0.723801,-0.243975,0.363636,-0.333333,0
-0.830105,-0.348961,0.454545,0.133333,0
-0.912476,-0.449729,0.545455,0.6,0
-0.96854,-0.545061,0.636364,-1,0
-0.996681,-0.633805,0.727273,-0.533333,0
-0.996087,-0.714887,0.818182,-0.066667,0
-0.966775,-0.787328,0.909091,0.4,0
-0.90959,-0.850251,1,0.866667,0
-0.826182,-0.902897,-1,-0.733333,0
-0.718955,-0.944629,-0.909091,-0.266667,0
-0.590999,-0.974943,-0.818182,0.2,0
